/* ===========================================================================
    Hostile Goody Hut Rewards (HGHR) for Civilization VI
    Copyright © 2020-2025 yofabronecoforo
    All rights reserved.

    Begin ingame setup
=========================================================================== */

-- experience cap from killing barbarian units; default Value = 1
UPDATE GlobalParameters SET Value = 3 WHERE Name = 'EXPERIENCE_BARB_SOFT_CAP';

-- no experience from killing barbarian units at this level; default Value = 2
UPDATE GlobalParameters SET Value = 5 WHERE Name = 'EXPERIENCE_MAX_BARB_LEVEL';

-- experience earned from activating a goody hut; default Value = 10 (Pre XP2) | 8 (XP2 and beyond) [maybe now a hard 5 by default? fuck it]
UPDATE GlobalParameters SET Value = 3 WHERE Name = 'EXPERIENCE_ACTIVATE_GOODY_HUT';

-- 
REPLACE INTO Types
    (Type, Kind)
VALUES
    -- Hostile Villagers "rewards"
    ('GOODYHUT_HOSTILES', 'KIND_GOODY_HUT');

-- 
REPLACE INTO GoodyHuts
    (GoodyHutType, Weight)
VALUES
    -- Hostile Villagers "rewards"
    ('GOODYHUT_HOSTILES', 100);

-- new GoodyHutSubTypes
REPLACE INTO GoodyHutSubTypes
    (GoodyHut, SubTypeGoodyHut, Description, Weight, Turn, MinOneCity, RequiresUnit, ModifierID)
VALUES 
    -- ('GOODYHUT_HOSTILES', 'GOODYHUT_HOSTILE_RECON_1', 'LOC_GOODYHUT_HOSTILES_DESCRIPTION', 55, 0, 0, 1, 'GOODY_HGHR_DUMMY_REWARD'), 
    -- ('GOODYHUT_HOSTILES', 'GOODYHUT_HOSTILE_RECON_2', 'LOC_GOODYHUT_HOSTILES_DESCRIPTION', 30, 0, 0, 1, 'GOODY_HGHR_DUMMY_REWARD'), 
    -- ('GOODYHUT_HOSTILES', 'GOODYHUT_HOSTILE_RECON_3', 'LOC_GOODYHUT_HOSTILES_DESCRIPTION', 15, 0, 0, 1, 'GOODY_HGHR_DUMMY_REWARD'), 
    -- ('GOODYHUT_HOSTILES', 'GOODYHUT_HOSTILE_RECON_CAMP', 'LOC_GOODYHUT_HOSTILES_DESCRIPTION', 5, 0, 0, 1, 'GOODY_HGHR_DUMMY_REWARD'), 
    -- ('GOODYHUT_HOSTILES', 'GOODYHUT_HOSTILE_MELEE_1', 'LOC_GOODYHUT_HOSTILES_DESCRIPTION', 55, 0, 0, 1, 'GOODY_HGHR_DUMMY_REWARD'), 
    -- ('GOODYHUT_HOSTILES', 'GOODYHUT_HOSTILE_MELEE_2', 'LOC_GOODYHUT_HOSTILES_DESCRIPTION', 30, 0, 0, 1, 'GOODY_HGHR_DUMMY_REWARD'), 
    -- ('GOODYHUT_HOSTILES', 'GOODYHUT_HOSTILE_MELEE_3', 'LOC_GOODYHUT_HOSTILES_DESCRIPTION', 15, 0, 0, 1, 'GOODY_HGHR_DUMMY_REWARD'), 
    ('GOODYHUT_HOSTILES', 'GOODYHUT_HOSTILE_MELEE_CAMP', 'LOC_GOODYHUT_HOSTILES_DESCRIPTION', 5, 0, 0, 1, 'GOODY_HGHR_DUMMY_REWARD'), 
    -- ('GOODYHUT_HOSTILES', 'GOODYHUT_HOSTILE_RANGED_1', 'LOC_GOODYHUT_HOSTILES_DESCRIPTION', 55, 0, 0, 1, 'GOODY_HGHR_DUMMY_REWARD'), 
    -- ('GOODYHUT_HOSTILES', 'GOODYHUT_HOSTILE_RANGED_2', 'LOC_GOODYHUT_HOSTILES_DESCRIPTION', 30, 0, 0, 1, 'GOODY_HGHR_DUMMY_REWARD'), 
    -- ('GOODYHUT_HOSTILES', 'GOODYHUT_HOSTILE_RANGED_3', 'LOC_GOODYHUT_HOSTILES_DESCRIPTION', 15, 0, 0, 1, 'GOODY_HGHR_DUMMY_REWARD'), 
    ('GOODYHUT_HOSTILES', 'GOODYHUT_HOSTILE_RANGED_CAMP', 'LOC_GOODYHUT_HOSTILES_DESCRIPTION', 5, 0, 0, 1, 'GOODY_HGHR_DUMMY_REWARD'), 
    -- ('GOODYHUT_HOSTILES', 'GOODYHUT_HOSTILE_ANTI_CAVALRY_1', 'LOC_GOODYHUT_HOSTILES_DESCRIPTION', 55, 2, 0, 1, 'GOODY_HGHR_DUMMY_REWARD'), 
    -- ('GOODYHUT_HOSTILES', 'GOODYHUT_HOSTILE_ANTI_CAVALRY_2', 'LOC_GOODYHUT_HOSTILES_DESCRIPTION', 30, 2, 0, 1, 'GOODY_HGHR_DUMMY_REWARD'), 
    -- ('GOODYHUT_HOSTILES', 'GOODYHUT_HOSTILE_ANTI_CAVALRY_3', 'LOC_GOODYHUT_HOSTILES_DESCRIPTION', 15, 2, 0, 1, 'GOODY_HGHR_DUMMY_REWARD'), 
    ('GOODYHUT_HOSTILES', 'GOODYHUT_HOSTILE_ANTI_CAVALRY_CAMP', 'LOC_GOODYHUT_HOSTILES_DESCRIPTION', 5, 2, 0, 1, 'GOODY_HGHR_DUMMY_REWARD'), 
    -- ('GOODYHUT_HOSTILES', 'GOODYHUT_HOSTILE_HEAVY_CAVALRY_1', 'LOC_GOODYHUT_HOSTILES_DESCRIPTION', 55, 30, 0, 1, 'GOODY_HGHR_DUMMY_REWARD'), 
    -- ('GOODYHUT_HOSTILES', 'GOODYHUT_HOSTILE_HEAVY_CAVALRY_2', 'LOC_GOODYHUT_HOSTILES_DESCRIPTION', 30, 30, 0, 1, 'GOODY_HGHR_DUMMY_REWARD'), 
    -- ('GOODYHUT_HOSTILES', 'GOODYHUT_HOSTILE_HEAVY_CAVALRY_3', 'LOC_GOODYHUT_HOSTILES_DESCRIPTION', 15, 30, 0, 1, 'GOODY_HGHR_DUMMY_REWARD'), 
    ('GOODYHUT_HOSTILES', 'GOODYHUT_HOSTILE_HEAVY_CAVALRY_CAMP', 'LOC_GOODYHUT_HOSTILES_DESCRIPTION', 5, 30, 0, 1, 'GOODY_HGHR_DUMMY_REWARD'), 
    -- ('GOODYHUT_HOSTILES', 'GOODYHUT_HOSTILE_LIGHT_CAVALRY_1', 'LOC_GOODYHUT_HOSTILES_DESCRIPTION', 55, 60, 0, 1, 'GOODY_HGHR_DUMMY_REWARD'), 
    -- ('GOODYHUT_HOSTILES', 'GOODYHUT_HOSTILE_LIGHT_CAVALRY_2', 'LOC_GOODYHUT_HOSTILES_DESCRIPTION', 30, 60, 0, 1, 'GOODY_HGHR_DUMMY_REWARD'), 
    -- ('GOODYHUT_HOSTILES', 'GOODYHUT_HOSTILE_LIGHT_CAVALRY_3', 'LOC_GOODYHUT_HOSTILES_DESCRIPTION', 15, 60, 0, 1, 'GOODY_HGHR_DUMMY_REWARD'), 
    ('GOODYHUT_HOSTILES', 'GOODYHUT_HOSTILE_LIGHT_CAVALRY_CAMP', 'LOC_GOODYHUT_HOSTILES_DESCRIPTION', 5, 60, 0, 1, 'GOODY_HGHR_DUMMY_REWARD');

-- new Modifiers
REPLACE INTO Modifiers
    (ModifierId, ModifierType, RunOnce, Permanent, SubjectRequirementSetId)
VALUES
    -- dummy modifier - for use by rewards implemented via lua
    ('GOODY_HGHR_DUMMY_REWARD', 'MODIFIER_PLAYER_ADJUST_YIELD_CHANGE', 1, 1, NULL);
    
-- new ModifierArguments
REPLACE INTO ModifierArguments
    (ModifierId, Name, Value, Extra)
VALUES
    -- dummy modifier - for use by rewards implemented via lua
    ('GOODY_HGHR_DUMMY_REWARD', 'Amount', 0, NULL),
    ('GOODY_HGHR_DUMMY_REWARD', 'YieldType', 'YIELD_FOOD', NULL),
    ('GOODY_HGHR_DUMMY_REWARD', 'Scale', 0, NULL);

-- 
REPLACE INTO GoodyHutSubTypes_HGHR 
    (SubTypeGoodyHut, PromotionClass, NumUnits, Outpost) 
VALUES 
    -- ('GOODYHUT_HOSTILE_RECON_1', 'PROMOTION_CLASS_RECON', 1, 0), 
    -- ('GOODYHUT_HOSTILE_RECON_2', 'PROMOTION_CLASS_RECON', 2, 0), 
    -- ('GOODYHUT_HOSTILE_RECON_3', 'PROMOTION_CLASS_RECON', 3, 0), 
    -- ('GOODYHUT_HOSTILE_RECON_CAMP', 'PROMOTION_CLASS_RECON', 1, 1), 
    ('GOODYHUT_HOSTILE_MELEE_1', 'PROMOTION_CLASS_MELEE', 1, 0), 
    ('GOODYHUT_HOSTILE_MELEE_2', 'PROMOTION_CLASS_MELEE', 2, 0), 
    ('GOODYHUT_HOSTILE_MELEE_3', 'PROMOTION_CLASS_MELEE', 3, 0), 
    ('GOODYHUT_HOSTILE_MELEE_CAMP', 'PROMOTION_CLASS_MELEE', 1, 1), 
    ('GOODYHUT_HOSTILE_RANGED_1', 'PROMOTION_CLASS_RANGED', 1, 0), 
    ('GOODYHUT_HOSTILE_RANGED_2', 'PROMOTION_CLASS_RANGED', 2, 0), 
    ('GOODYHUT_HOSTILE_RANGED_3', 'PROMOTION_CLASS_RANGED', 3, 0), 
    ('GOODYHUT_HOSTILE_RANGED_CAMP', 'PROMOTION_CLASS_RANGED', 1, 1), 
    ('GOODYHUT_HOSTILE_ANTI_CAVALRY_1', 'PROMOTION_CLASS_ANTI_CAVALRY', 1, 0), 
    ('GOODYHUT_HOSTILE_ANTI_CAVALRY_2', 'PROMOTION_CLASS_ANTI_CAVALRY', 2, 0), 
    ('GOODYHUT_HOSTILE_ANTI_CAVALRY_3', 'PROMOTION_CLASS_ANTI_CAVALRY', 3, 0), 
    ('GOODYHUT_HOSTILE_ANTI_CAVALRY_CAMP', 'PROMOTION_CLASS_ANTI_CAVALRY', 1, 1), 
    ('GOODYHUT_HOSTILE_HEAVY_CAVALRY_1', 'PROMOTION_CLASS_HEAVY_CAVALRY', 1, 0), 
    ('GOODYHUT_HOSTILE_HEAVY_CAVALRY_2', 'PROMOTION_CLASS_HEAVY_CAVALRY', 2, 0), 
    ('GOODYHUT_HOSTILE_HEAVY_CAVALRY_3', 'PROMOTION_CLASS_HEAVY_CAVALRY', 3, 0), 
    ('GOODYHUT_HOSTILE_HEAVY_CAVALRY_CAMP', 'PROMOTION_CLASS_HEAVY_CAVALRY', 1, 1), 
    ('GOODYHUT_HOSTILE_LIGHT_CAVALRY_1', 'PROMOTION_CLASS_LIGHT_CAVALRY', 1, 0), 
    ('GOODYHUT_HOSTILE_LIGHT_CAVALRY_2', 'PROMOTION_CLASS_LIGHT_CAVALRY', 2, 0), 
    ('GOODYHUT_HOSTILE_LIGHT_CAVALRY_3', 'PROMOTION_CLASS_LIGHT_CAVALRY', 3, 0), 
    ('GOODYHUT_HOSTILE_LIGHT_CAVALRY_CAMP', 'PROMOTION_CLASS_LIGHT_CAVALRY', 1, 1);

-- 
REPLACE INTO HostileVillagerUnits 
    (EraType, PromotionClass, UnitType) 
VALUES 
    ('ERA_ANCIENT', 'PROMOTION_CLASS_RECON', 'UNIT_SCOUT'), 
    ('ERA_ANCIENT', 'PROMOTION_CLASS_MELEE', 'UNIT_WARRIOR'), 
    ('ERA_ANCIENT', 'PROMOTION_CLASS_NAVAL_MELEE', 'UNIT_GALLEY'), 
    ('ERA_ANCIENT', 'PROMOTION_CLASS_RANGED', 'UNIT_SLINGER'), 
    ('ERA_ANCIENT', 'PROMOTION_CLASS_NAVAL_RANGED', 'UNIT_QUADRIREME'), 
    ('ERA_ANCIENT', 'PROMOTION_CLASS_ANTI_CAVALRY', 'UNIT_SPEARMAN'), 
    ('ERA_ANCIENT', 'PROMOTION_CLASS_HEAVY_CAVALRY', 'UNIT_HEAVY_CHARIOT'), 
    ('ERA_ANCIENT', 'PROMOTION_CLASS_SUPPORT', 'UNIT_BATTERING_RAM'), 
    ('ERA_ANCIENT', 'PROMOTION_CLASS_SIEGE', 'UNIT_CATAPULT'), 
    ('ERA_ANCIENT', 'PROMOTION_CLASS_LIGHT_CAVALRY', 'UNIT_HORSEMAN'), 
    ('ERA_CLASSICAL', 'PROMOTION_CLASS_RECON', 'UNIT_SCOUT'), 
    ('ERA_CLASSICAL', 'PROMOTION_CLASS_MELEE', 'UNIT_SWORDSMAN'), 
    ('ERA_CLASSICAL', 'PROMOTION_CLASS_NAVAL_MELEE', 'UNIT_GALLEY'), 
    ('ERA_CLASSICAL', 'PROMOTION_CLASS_RANGED', 'UNIT_ARCHER'), 
    ('ERA_CLASSICAL', 'PROMOTION_CLASS_NAVAL_RANGED', 'UNIT_QUADRIREME'), 
    ('ERA_CLASSICAL', 'PROMOTION_CLASS_ANTI_CAVALRY', 'UNIT_SPEARMAN'), 
    ('ERA_CLASSICAL', 'PROMOTION_CLASS_HEAVY_CAVALRY', 'UNIT_HEAVY_CHARIOT'), 
    ('ERA_CLASSICAL', 'PROMOTION_CLASS_SUPPORT', 'UNIT_BATTERING_RAM'), 
    ('ERA_CLASSICAL', 'PROMOTION_CLASS_SIEGE', 'UNIT_CATAPULT'), 
    ('ERA_CLASSICAL', 'PROMOTION_CLASS_LIGHT_CAVALRY', 'UNIT_HORSEMAN'), 
    ('ERA_MEDIEVAL', 'PROMOTION_CLASS_RECON', 'UNIT_SCOUT'), 
    ('ERA_MEDIEVAL', 'PROMOTION_CLASS_MELEE', 'UNIT_MAN_AT_ARMS'), 
    ('ERA_MEDIEVAL', 'PROMOTION_CLASS_NAVAL_MELEE', 'UNIT_GALLEY'), 
    ('ERA_MEDIEVAL', 'PROMOTION_CLASS_RANGED', 'UNIT_CROSSBOWMAN'), 
    ('ERA_MEDIEVAL', 'PROMOTION_CLASS_NAVAL_RANGED', 'UNIT_QUADRIREME'), 
    ('ERA_MEDIEVAL', 'PROMOTION_CLASS_ANTI_CAVALRY', 'UNIT_PIKEMAN'), 
    ('ERA_MEDIEVAL', 'PROMOTION_CLASS_HEAVY_CAVALRY', 'UNIT_KNIGHT'), 
    ('ERA_MEDIEVAL', 'PROMOTION_CLASS_SUPPORT', 'UNIT_SIEGE_TOWER'), 
    ('ERA_MEDIEVAL', 'PROMOTION_CLASS_SIEGE', 'UNIT_TREBUCHET'), 
    ('ERA_MEDIEVAL', 'PROMOTION_CLASS_LIGHT_CAVALRY', 'UNIT_HORSEMAN'), 
    ('ERA_RENAISSANCE', 'PROMOTION_CLASS_RECON', 'UNIT_SCOUT'), 
    ('ERA_RENAISSANCE', 'PROMOTION_CLASS_MELEE', 'UNIT_MUSKETMAN'), 
    ('ERA_RENAISSANCE', 'PROMOTION_CLASS_NAVAL_MELEE', 'UNIT_CARAVEL'), 
    ('ERA_RENAISSANCE', 'PROMOTION_CLASS_RANGED', 'UNIT_CROSSBOWMAN'), 
    ('ERA_RENAISSANCE', 'PROMOTION_CLASS_NAVAL_RANGED', 'UNIT_FRIGATE'), 
    ('ERA_RENAISSANCE', 'PROMOTION_CLASS_ANTI_CAVALRY', 'UNIT_PIKEMAN'), 
    ('ERA_RENAISSANCE', 'PROMOTION_CLASS_HEAVY_CAVALRY', 'UNIT_KNIGHT'), 
    ('ERA_RENAISSANCE', 'PROMOTION_CLASS_SUPPORT', 'UNIT_SIEGE_TOWER'), 
    ('ERA_RENAISSANCE', 'PROMOTION_CLASS_SIEGE', 'UNIT_BOMBARD'), 
    ('ERA_RENAISSANCE', 'PROMOTION_CLASS_LIGHT_CAVALRY', 'UNIT_HORSEMAN'), 
    ('ERA_INDUSTRIAL', 'PROMOTION_CLASS_RECON', 'UNIT_RANGER'), 
    ('ERA_INDUSTRIAL', 'PROMOTION_CLASS_MELEE', 'UNIT_LINE_INFANTRY'), 
    ('ERA_INDUSTRIAL', 'PROMOTION_CLASS_NAVAL_MELEE', 'UNIT_IRONCLAD'), 
    ('ERA_INDUSTRIAL', 'PROMOTION_CLASS_RANGED', 'UNIT_FIELD_CANNON'), 
    ('ERA_INDUSTRIAL', 'PROMOTION_CLASS_NAVAL_RANGED', 'UNIT_FRIGATE'), 
    ('ERA_INDUSTRIAL', 'PROMOTION_CLASS_ANTI_CAVALRY', 'UNIT_PIKEMAN'), 
    ('ERA_INDUSTRIAL', 'PROMOTION_CLASS_HEAVY_CAVALRY', 'UNIT_KNIGHT'), 
    ('ERA_INDUSTRIAL', 'PROMOTION_CLASS_SUPPORT', 'UNIT_MEDIC'), 
    ('ERA_INDUSTRIAL', 'PROMOTION_CLASS_SIEGE', 'UNIT_BOMBARD'), 
    ('ERA_INDUSTRIAL', 'PROMOTION_CLASS_LIGHT_CAVALRY', 'UNIT_CAVALRY'), 
    ('ERA_MODERN', 'PROMOTION_CLASS_RECON', 'UNIT_RANGER'), 
    ('ERA_MODERN', 'PROMOTION_CLASS_MELEE', 'UNIT_INFANTRY'), 
    ('ERA_MODERN', 'PROMOTION_CLASS_NAVAL_MELEE', 'UNIT_IRONCLAD'), 
    ('ERA_MODERN', 'PROMOTION_CLASS_RANGED', 'UNIT_FIELD_CANNON'), 
    ('ERA_MODERN', 'PROMOTION_CLASS_NAVAL_RANGED', 'UNIT_BATTLESHIP'), 
    ('ERA_MODERN', 'PROMOTION_CLASS_ANTI_CAVALRY', 'UNIT_AT_CREW'), 
    ('ERA_MODERN', 'PROMOTION_CLASS_HEAVY_CAVALRY', 'UNIT_TANK'), 
    ('ERA_MODERN', 'PROMOTION_CLASS_SUPPORT', 'UNIT_MEDIC'), 
    ('ERA_MODERN', 'PROMOTION_CLASS_SIEGE', 'UNIT_ARTILLERY'), 
    ('ERA_MODERN', 'PROMOTION_CLASS_LIGHT_CAVALRY', 'UNIT_CAVALRY'), 
    ('ERA_ATOMIC', 'PROMOTION_CLASS_RECON', 'UNIT_RANGER'), 
    ('ERA_ATOMIC', 'PROMOTION_CLASS_MELEE', 'UNIT_INFANTRY'), 
    ('ERA_ATOMIC', 'PROMOTION_CLASS_NAVAL_MELEE', 'UNIT_DESTROYER'), 
    ('ERA_ATOMIC', 'PROMOTION_CLASS_RANGED', 'UNIT_MACHINE_GUN'), 
    ('ERA_ATOMIC', 'PROMOTION_CLASS_NAVAL_RANGED', 'UNIT_BATTLESHIP'), 
    ('ERA_ATOMIC', 'PROMOTION_CLASS_ANTI_CAVALRY', 'UNIT_AT_CREW'), 
    ('ERA_ATOMIC', 'PROMOTION_CLASS_HEAVY_CAVALRY', 'UNIT_TANK'), 
    ('ERA_ATOMIC', 'PROMOTION_CLASS_SUPPORT', 'UNIT_MEDIC'), 
    ('ERA_ATOMIC', 'PROMOTION_CLASS_SIEGE', 'UNIT_ARTILLERY'), 
    ('ERA_ATOMIC', 'PROMOTION_CLASS_LIGHT_CAVALRY', 'UNIT_HELICOPTER'), 
    ('ERA_INFORMATION', 'PROMOTION_CLASS_RECON', 'UNIT_RANGER'), 
    ('ERA_INFORMATION', 'PROMOTION_CLASS_MELEE', 'UNIT_MECHANIZED_INFANTRY'), 
    ('ERA_INFORMATION', 'PROMOTION_CLASS_NAVAL_MELEE', 'UNIT_DESTROYER'), 
    ('ERA_INFORMATION', 'PROMOTION_CLASS_RANGED', 'UNIT_MACHINE_GUN'), 
    ('ERA_INFORMATION', 'PROMOTION_CLASS_NAVAL_RANGED', 'UNIT_MISSILE_CRUISER'), 
    ('ERA_INFORMATION', 'PROMOTION_CLASS_ANTI_CAVALRY', 'UNIT_MODERN_AT'), 
    ('ERA_INFORMATION', 'PROMOTION_CLASS_HEAVY_CAVALRY', 'UNIT_MODERN_ARMOR'), 
    ('ERA_INFORMATION', 'PROMOTION_CLASS_SUPPORT', 'UNIT_MEDIC'), 
    ('ERA_INFORMATION', 'PROMOTION_CLASS_SIEGE', 'UNIT_ROCKET_ARTILLERY'), 
    ('ERA_INFORMATION', 'PROMOTION_CLASS_LIGHT_CAVALRY', 'UNIT_HELICOPTER');

-- 
REPLACE INTO HostileUnitFallback 
    (PromotionClass, NewPromotionClass) 
VALUES 
    ('PROMOTION_CLASS_NAVAL_MELEE', 'PROMOTION_CLASS_MELEE'), 
    ('PROMOTION_CLASS_NAVAL_RANGED', 'PROMOTION_CLASS_RANGED'), 
    ('PROMOTION_CLASS_ANTI_CAVALRY', 'PROMOTION_CLASS_MELEE'), 
    ('PROMOTION_CLASS_HEAVY_CAVALRY', 'PROMOTION_CLASS_MELEE'), 
    ('PROMOTION_CLASS_LIGHT_CAVALRY', 'PROMOTION_CLASS_RANGED');

-- 
REPLACE INTO HostileNavalConversion 
    (PromotionClass, NewPromotionClass) 
VALUES 
    ('PROMOTION_CLASS_MELEE', 'PROMOTION_CLASS_NAVAL_MELEE'), 
    ('PROMOTION_CLASS_RANGED', 'PROMOTION_CLASS_NAVAL_RANGED'), 
    ('PROMOTION_CLASS_ANTI_CAVALRY', 'PROMOTION_CLASS_NAVAL_MELEE'), 
    ('PROMOTION_CLASS_HEAVY_CAVALRY', 'PROMOTION_CLASS_NAVAL_MELEE'), 
    ('PROMOTION_CLASS_LIGHT_CAVALRY', 'PROMOTION_CLASS_NAVAL_RANGED');

-- 
REPLACE INTO HostileRewardMembers 
    (Name) 
VALUES 
    ('Activate'), 
    ('BarbarianID'), 
    ('CampIndex'), 
    ('Description'), 
    ('ExcludeRadius'), 
    ('GetAdjacentPlotsInRadius'), 
    ('GetEligibleUnit'), 
    ('GetMembers'), 
    ('GoodyHut'), 
    ('Hash'), 
    ('LogMembers'), 
    ('NumUnits'), 
    ('Outpost'), 
    ('Player'), 
    ('PromotionClass'), 
    ('Radius'), 
    ('SubTypeGoodyHut'), 
    ('Turn'), 
    ('Unit'), 
    ('ValidatePlots'), 
    ('Weight'), 
    ('X'), 
    ('Y');

/* ===========================================================================
    End ingame setup
=========================================================================== */
